rank,provinces,municipality,pop15,pop10,pop05,pop00
1,,Seoul,9904312,9631482,9762546,9853972
2,,Busan,3448737,3393191,3512547,3655437
3,,Incheon,2890451,2632035,2517680,2466338
4,,Daegu,2466052,2431774,2456016,2473990
5,,Daejeon,1538394,1490158,1438551,1365961
6,,Gwangju,1502881,1466143,1413644,1350948
7,Gyeonggi,Suwon,1194313,1054053,1039233,944239
8,,Ulsan,1166615,1071673,1044934,1012110
9,South Gyeongsang,Changwon,1059241,1047488,1075326,1076448
10,Gyeonggi,Goyang,990073,897222,864402,762598
11,Gyeonggi,Yongin,971327,847138,686842,384741
12,Gyeonggi,Seongnam,948757,936267,931019,912222
13,Gyeonggi,Bucheon,843794,842482,833931,757832
14,North Chungcheong,Cheongju,833276,804119,752768,701256
15,Gyeonggi,Ansan,747035,699063,669839,554998
16,North Jeolla,Jeonju,658172,646512,622092,615804
17,South Chungcheong,Cheonan,629062,565201,518171,415818
18,Gyeonggi,Namyangju,629061,526639,424446,339545
19,Gyeonggi,Hwaseong,608725,474160,282124,185979
20,Gyeonggi,Anyang,585177,596772,609886,578845
21,South Gyeongsang,Gimhae,534124,484244,428893,330829
22,North Gyeongsang,Pohang,511804,508736,488433,515187
23,Gyeonggi,Pyeongtaek,457873,381731,374262,342806
24,Jeju (Prov.),Jeju (City),451758,398677,391132,366809
25,Gyeonggi,Siheung,425184,393293,384304,304260
26,Gyeonggi,Uijeongbu,421579,415170,397694,354422
27,North Gyeongsang,Gumi,421075,399019,381583,339457
28,Gyeonggi,Paju,415345,323955,239823,177128
29,Gyeonggi,Gimpo,352683,217280,192716,148576
30,South Gyeongsang,Jinju,349788,335297,336355,339413
31,Gyeonggi,Gwangmyeong,338509,326418,319452,333596
32,Gangwon,Wonju,330854,309803,283583,267849
33,South Chungcheong,Asan,319929,272282,206851,179900
34,Gyeonggi,Gwangju,310278,224269,204266,124789
35,North Jeolla,Iksan,301723,294479,306974,322636
36,South Gyeongsang,Yangsan,297532,249529,215845,191147
37,Gyeonggi,Gunpo,285721,274198,268917,262593
38,Gangwon,Chuncheon,281596,274220,260234,252177
39,North Gyeongsang,Gyeongsan,278500,260643,240371,226713
40,North Jeolla,Gunsan,275155,258845,249212,272129
41,South Jeolla,Yeosu,273761,268727,277420,303115
42,South Jeolla,Suncheon,265390,257800,261519,265724
43,South Jeolla,Gyeongju,262310,252750,266131,275132
44,South Gyeongsang,Geoje,261371,225014,193398,167231
45,South Jeolla,Mokpo,239524,248694,244543,250336
46,Gangwon,Gangneung,215677,217481,220706,227856
47,Gyeonggi,Osan,213840,180996,131792,102287
48,North Chungcheong,Chungju,211005,201361,204248,217510
49,Gyeonggi,Icheon,209003,192918,187514,179081
50,Gyeonggi,Yangju,205988,183673,149931,107440
51,,Sejong,204088,80542,80389,79745
52,Gyeonggi,Anseong,194765,175824,157632,132906
53,Gyeonggi,Guri,180063,184503,186954,160485
54,South Chungcheong,Seosan,169221,155082,143692,142972
55,North Gyeongsang,Andong,168581,165399,169436,181974
56,South Chungcheong,Dangjin,163762,135106,112267,117447
57,Gyeonggi,Pocheon,163388,136580,139472,135758
58,Gyeonggi,Uiwang,154879,143378,143568,117594
59,Gyeonggi,Hanam,154838,137569,121646,120149
60,Jeju (Prov.),Seogwipo,153861,129734,139554,145732
61,South Jeolla,Gwangyang,144414,137100,135583,132568
62,North Gyeongsang,Gimcheon,137540,126823,135166,147269
63,South Gyeongsang,Tongyeong,137208,127896,121115,123747
64,North Chungcheong,Jecheon,136350,133626,132483,143537
65,South Chungcheong,Nonsan,124246,117686,124779,137452
66,South Chungcheong,Gongju,113542,120660,126484,130223
67,South Gyeongsang,Sacheon,113335,106175,106532,110912
68,North Jeolla,Jeongeup,110627,109458,115416,128892
69,Gyeonggi,Yeoju,109937,100052,98441,97412
70,North Gyeongsang,Yeongju,109266,108268,113670,126415
71,South Gyeongsang,Miryang,103069,98564,105651,115787
72,South Chungcheong,Boryeong,101852,97091,96992,109423
73,North Gyeongsang,Sangju,98760,97559,105600,116365
74,North Gyeongsang,Yeongcheon,97669,94350,103289,110918
75,Gyeonggi,Dongducheon,97424,90433,78897,72366
76,South Jeolla,Naju,92582,77825,86823,99233
77,Gangwon,Donghae,90255,90321,93018,96280
78,North Jeolla,Gimje,84269,82739,90376,102428
79,North Jeolla,Namwon,80499,78425,85828,94810
80,Gangwon,Sokcho,79846,80505,84706,87880
81,North Gyeongsang,Mungyeong,71863,68692,70813,90778
82,Gangwon,Samcheok,69509,67131,67957,75592
83,Gyeonggi,Gwacheon,64817,66319,56587,66592
84,Gangwon,Taebaek,46715,51400,55241,54164
85,South Chungcheong,Gyeryong,39243,41395,31646,27104
