ID,Name,Type,HP,Attack,Defense,Speed,Generation
1,Bulbasaur,Grass,45,49,49,45,1
2,Ivysaur,Grass,60,62,63,60,1
3,Venusaur,Grass,80,82,83,80,1
3,VenusaurMega Venusaur,Grass,80,100,123,80,1
4,Charmander,Fire,39,52,43,65,1
5,Charmeleon,Fire,58,64,58,80,1
6,Charizard,Fire,78,84,78,100,1
6,CharizardMega Charizard X,Fire,78,130,111,100,1
6,CharizardMega Charizard Y,Fire,78,104,78,100,1
7,Squirtle,Water,44,48,65,43,1
8,Wartortle,Water,59,63,80,58,1
9,Blastoise,Water,79,83,100,78,1
9,BlastoiseMega Blastoise,Water,79,103,120,78,1
10,Caterpie,Bug,45,30,35,45,1
11,Metapod,Bug,50,20,55,30,1
12,Butterfree,Bug,60,45,50,70,1
13,Weedle,Bug,40,35,30,50,1
14,Kakuna,Bug,45,25,50,35,1
15,Beedrill,Bug,65,90,40,75,1
15,BeedrillMega Beedrill,Bug,65,150,40,145,1
16,Pidgey,Normal,40,45,40,56,1
17,Pidgeotto,Normal,63,60,55,71,1
18,Pidgeot,Normal,83,80,75,101,1
18,PidgeotMega Pidgeot,Normal,83,80,80,121,1
19,Rattata,Normal,30,56,35,72,1
20,Raticate,Normal,55,81,60,97,1
21,Spearow,Normal,40,60,30,70,1
22,Fearow,Normal,65,90,65,100,1
23,Ekans,Poison,35,60,44,55,1
24,Arbok,Poison,60,85,69,80,1
25,Pikachu,Electric,35,55,40,90,1
26,Raichu,Electric,60,90,55,110,1
27,Sandshrew,Ground,50,75,85,40,1
28,Sandslash,Ground,75,100,110,65,1
29,Nidoran?�,Poison,55,47,52,41,1
30,Nidorina,Poison,70,62,67,56,1
31,Nidoqueen,Poison,90,92,87,76,1
32,Nidoran??Poison,,61,57,40,40,1
33,Nidorino,Poison,61,72,57,65,1
34,Nidoking,Poison,81,102,77,85,1
35,Clefairy,Fairy,70,45,48,35,1
36,Clefable,Fairy,95,70,73,60,1
37,Vulpix,Fire,38,41,40,65,1
38,Ninetales,Fire,73,76,75,100,1
39,Jigglypuff,Normal,115,45,20,20,1
40,Wigglytuff,Normal,140,70,45,45,1
41,Zubat,Poison,40,45,35,55,1
42,Golbat,Poison,75,80,70,90,1
43,Oddish,Grass,45,50,55,30,1
44,Gloom,Grass,60,65,70,40,1
45,Vileplume,Grass,75,80,85,50,1
46,Paras,Bug,35,70,55,25,1
47,Parasect,Bug,60,95,80,30,1
48,Venonat,Bug,60,55,50,45,1
49,Venomoth,Bug,70,65,60,90,1
50,Diglett,Ground,10,55,25,95,1
51,Dugtrio,Ground,35,80,50,120,1
52,Meowth,Normal,40,45,35,90,1
53,Persian,Normal,65,70,60,115,1
54,Psyduck,Water,50,52,48,55,1
55,Golduck,Water,80,82,78,85,1
56,Mankey,Fighting,40,80,35,70,1
57,Primeape,Fighting,65,105,60,95,1
58,Growlithe,Fire,55,70,45,60,1
59,Arcanine,Fire,90,110,80,95,1
60,Poliwag,Water,40,50,40,90,1
61,Poliwhirl,Water,65,65,65,90,1
62,Poliwrath,Water,90,95,95,70,1
63,Abra,Psychic,25,20,15,90,1
64,Kadabra,Psychic,40,35,30,105,1
65,Alakazam,Psychic,55,50,45,120,1
65,AlakazamMega Alakazam,Psychic,55,50,65,150,1
66,Machop,Fighting,70,80,50,35,1
67,Machoke,Fighting,80,100,70,45,1
68,Machamp,Fighting,90,130,80,55,1
69,Bellsprout,Grass,50,75,35,40,1
70,Weepinbell,Grass,65,90,50,55,1
71,Victreebel,Grass,80,105,65,70,1
72,Tentacool,Water,40,40,35,70,1
73,Tentacruel,Water,80,70,65,100,1
74,Geodude,Rock,40,80,100,20,1
75,Graveler,Rock,55,95,115,35,1
76,Golem,Rock,80,120,130,45,1
77,Ponyta,Fire,50,85,55,90,1
78,Rapidash,Fire,65,100,70,105,1
79,Slowpoke,Water,90,65,65,15,1
80,Slowbro,Water,95,75,110,30,1
80,SlowbroMega Slowbro,Water,95,75,180,30,1
81,Magnemite,Electric,25,35,70,45,1
82,Magneton,Electric,50,60,95,70,1
83,Farfetch'd,Normal,52,65,55,60,1
84,Doduo,Normal,35,85,45,75,1
85,Dodrio,Normal,60,110,70,100,1
86,Seel,Water,65,45,55,45,1
87,Dewgong,Water,90,70,80,70,1
88,Grimer,Poison,80,80,50,25,1
89,Muk,Poison,105,105,75,50,1
90,Shellder,Water,30,65,100,40,1
91,Cloyster,Water,50,95,180,70,1
92,Gastly,Ghost,30,35,30,80,1
93,Haunter,Ghost,45,50,45,95,1
94,Gengar,Ghost,60,65,60,110,1
94,GengarMega Gengar,Ghost,60,65,80,130,1
95,Onix,Rock,35,45,160,70,1
96,Drowzee,Psychic,60,48,45,42,1
97,Hypno,Psychic,85,73,70,67,1
98,Krabby,Water,30,105,90,50,1
99,Kingler,Water,55,130,115,75,1
100,Voltorb,Electric,40,30,50,100,1
101,Electrode,Electric,60,50,70,140,1
102,Exeggcute,Grass,60,40,80,40,1
103,Exeggutor,Grass,95,95,85,55,1
104,Cubone,Ground,50,50,95,35,1
105,Marowak,Ground,60,80,110,45,1
106,Hitmonlee,Fighting,50,120,53,87,1
107,Hitmonchan,Fighting,50,105,79,76,1
108,Lickitung,Normal,90,55,75,30,1
109,Koffing,Poison,40,65,95,35,1
110,Weezing,Poison,65,90,120,60,1
111,Rhyhorn,Ground,80,85,95,25,1
112,Rhydon,Ground,105,130,120,40,1
113,Chansey,Normal,250,5,5,50,1
114,Tangela,Grass,65,55,115,60,1
115,Kangaskhan,Normal,105,95,80,90,1
115,KangaskhanMega Kangaskhan,Normal,105,125,100,100,1
116,Horsea,Water,30,40,70,60,1
117,Seadra,Water,55,65,95,85,1
118,Goldeen,Water,45,67,60,63,1
119,Seaking,Water,80,92,65,68,1
120,Staryu,Water,30,45,55,85,1
121,Starmie,Water,60,75,85,115,1
122,Mr. Mime,Psychic,40,45,65,90,1
123,Scyther,Bug,70,110,80,105,1
124,Jynx,Ice,65,50,35,95,1
125,Electabuzz,Electric,65,83,57,105,1
126,Magmar,Fire,65,95,57,93,1
127,Pinsir,Bug,65,125,100,85,1
127,PinsirMega Pinsir,Bug,65,155,120,105,1
128,Tauros,Normal,75,100,95,110,1
129,Magikarp,Water,20,10,55,80,1
130,Gyarados,Water,95,125,79,81,1
130,GyaradosMega Gyarados,Water,95,155,109,81,1
131,Lapras,Water,130,85,80,60,1
132,Ditto,Normal,48,48,48,48,1
133,Eevee,Normal,55,55,50,55,1
134,Vaporeon,Water,130,65,60,65,1
135,Jolteon,Electric,65,65,60,130,1
136,Flareon,Fire,65,130,60,65,1
137,Porygon,Normal,65,60,70,40,1
138,Omanyte,Rock,35,40,100,35,1
139,Omastar,Rock,70,60,125,55,1
140,Kabuto,Rock,30,80,90,55,1
141,Kabutops,Rock,60,115,105,80,1
142,Aerodactyl,Rock,80,105,65,130,1
142,AerodactylMega Aerodactyl,Rock,80,135,85,150,1
143,Snorlax,Normal,160,110,65,30,1
144,Articuno,Ice,90,85,100,85,1
145,Zapdos,Electric,90,90,85,100,1
146,Moltres,Fire,90,100,90,90,1
147,Dratini,Dragon,41,64,45,50,1
148,Dragonair,Dragon,61,84,65,70,1
149,Dragonite,Dragon,91,134,95,80,1
150,Mewtwo,Psychic,106,110,90,130,1
150,MewtwoMega Mewtwo X,Psychic,106,190,100,130,1
150,MewtwoMega Mewtwo Y,Psychic,106,150,70,140,1
151,Mew,Psychic,100,100,100,100,1
152,Chikorita,Grass,45,49,65,45,2
153,Bayleef,Grass,60,62,80,60,2
154,Meganium,Grass,80,82,100,80,2
155,Cyndaquil,Fire,39,52,43,65,2
156,Quilava,Fire,58,64,58,80,2
157,Typhlosion,Fire,78,84,78,100,2
158,Totodile,Water,50,65,64,43,2
159,Croconaw,Water,65,80,80,58,2
160,Feraligatr,Water,85,105,100,78,2
161,Sentret,Normal,35,46,34,20,2
162,Furret,Normal,85,76,64,90,2
163,Hoothoot,Normal,60,30,30,50,2
164,Noctowl,Normal,100,50,50,70,2
165,Ledyba,Bug,40,20,30,55,2
166,Ledian,Bug,55,35,50,85,2
167,Spinarak,Bug,40,60,40,30,2
168,Ariados,Bug,70,90,70,40,2
169,Crobat,Poison,85,90,80,130,2
170,Chinchou,Water,75,38,38,67,2
171,Lanturn,Water,125,58,58,67,2
172,Pichu,Electric,20,40,15,60,2
173,Cleffa,Fairy,50,25,28,15,2
174,Igglybuff,Normal,90,30,15,15,2
175,Togepi,Fairy,35,20,65,20,2
176,Togetic,Fairy,55,40,85,40,2
177,Natu,Psychic,40,50,45,70,2
178,Xatu,Psychic,65,75,70,95,2
179,Mareep,Electric,55,40,40,35,2
180,Flaaffy,Electric,70,55,55,45,2
181,Ampharos,Electric,90,75,85,55,2
181,AmpharosMega Ampharos,Electric,90,95,105,45,2
182,Bellossom,Grass,75,80,95,50,2
183,Marill,Water,70,20,50,40,2
184,Azumarill,Water,100,50,80,50,2
185,Sudowoodo,Rock,70,100,115,30,2
186,Politoed,Water,90,75,75,70,2
187,Hoppip,Grass,35,35,40,50,2
188,Skiploom,Grass,55,45,50,80,2
189,Jumpluff,Grass,75,55,70,110,2
190,Aipom,Normal,55,70,55,85,2
191,Sunkern,Grass,30,30,30,30,2
192,Sunflora,Grass,75,75,55,30,2
193,Yanma,Bug,65,65,45,95,2
194,Wooper,Water,55,45,45,15,2
195,Quagsire,Water,95,85,85,35,2
196,Espeon,Psychic,65,65,60,110,2
197,Umbreon,Dark,95,65,110,65,2
198,Murkrow,Dark,60,85,42,91,2
199,Slowking,Water,95,75,80,30,2
200,Misdreavus,Ghost,60,60,60,85,2
201,Unown,Psychic,48,72,48,48,2
202,Wobbuffet,Psychic,190,33,58,33,2
203,Girafarig,Normal,70,80,65,85,2
204,Pineco,Bug,50,65,90,15,2
205,Forretress,Bug,75,90,140,40,2
206,Dunsparce,Normal,100,70,70,45,2
207,Gligar,Ground,65,75,105,85,2
208,Steelix,Steel,75,85,200,30,2
208,SteelixMega Steelix,Steel,75,125,230,30,2
209,Snubbull,Fairy,60,80,50,30,2
210,Granbull,Fairy,90,120,75,45,2
211,Qwilfish,Water,65,95,75,85,2
212,Scizor,Bug,70,130,100,65,2
212,ScizorMega Scizor,Bug,70,150,140,75,2
213,Shuckle,Bug,20,10,230,5,2
214,Heracross,Bug,80,125,75,85,2
214,HeracrossMega Heracross,Bug,80,185,115,75,2
215,Sneasel,Dark,55,95,55,115,2
216,Teddiursa,Normal,60,80,50,40,2
217,Ursaring,Normal,90,130,75,55,2
218,Slugma,Fire,40,40,40,20,2
219,Magcargo,Fire,50,50,120,30,2
220,Swinub,Ice,50,50,40,50,2
221,Piloswine,Ice,100,100,80,50,2
222,Corsola,Water,55,55,85,35,2
223,Remoraid,Water,35,65,35,65,2
224,Octillery,Water,75,105,75,45,2
225,Delibird,Ice,45,55,45,75,2
226,Mantine,Water,65,40,70,70,2
227,Skarmory,Steel,65,80,140,70,2
228,Houndour,Dark,45,60,30,65,2
229,Houndoom,Dark,75,90,50,95,2
229,HoundoomMega Houndoom,Dark,75,90,90,115,2
230,Kingdra,Water,75,95,95,85,2
231,Phanpy,Ground,90,60,60,40,2
232,Donphan,Ground,90,120,120,50,2
233,Porygon2,Normal,85,80,90,60,2
234,Stantler,Normal,73,95,62,85,2
235,Smeargle,Normal,55,20,35,75,2
236,Tyrogue,Fighting,35,35,35,35,2
237,Hitmontop,Fighting,50,95,95,70,2
238,Smoochum,Ice,45,30,15,65,2
239,Elekid,Electric,45,63,37,95,2
240,Magby,Fire,45,75,37,83,2
241,Miltank,Normal,95,80,105,100,2
242,Blissey,Normal,255,10,10,55,2
243,Raikou,Electric,90,85,75,115,2
244,Entei,Fire,115,115,85,100,2
245,Suicune,Water,100,75,115,85,2
246,Larvitar,Rock,50,64,50,41,2
247,Pupitar,Rock,70,84,70,51,2
248,Tyranitar,Rock,100,134,110,61,2
248,TyranitarMega Tyranitar,Rock,100,164,150,71,2
249,Lugia,Psychic,106,90,130,110,2
250,Ho-oh,Fire,106,130,90,90,2
251,Celebi,Psychic,100,100,100,100,2
252,Treecko,Grass,40,45,35,70,3
253,Grovyle,Grass,50,65,45,95,3
254,Sceptile,Grass,70,85,65,120,3
254,SceptileMega Sceptile,Grass,70,110,75,145,3
255,Torchic,Fire,45,60,40,45,3
256,Combusken,Fire,60,85,60,55,3
257,Blaziken,Fire,80,120,70,80,3
257,BlazikenMega Blaziken,Fire,80,160,80,100,3
258,Mudkip,Water,50,70,50,40,3
259,Marshtomp,Water,70,85,70,50,3
260,Swampert,Water,100,110,90,60,3
260,SwampertMega Swampert,Water,100,150,110,70,3
261,Poochyena,Dark,35,55,35,35,3
262,Mightyena,Dark,70,90,70,70,3
263,Zigzagoon,Normal,38,30,41,60,3
264,Linoone,Normal,78,70,61,100,3
265,Wurmple,Bug,45,45,35,20,3
266,Silcoon,Bug,50,35,55,15,3
267,Beautifly,Bug,60,70,50,65,3
268,Cascoon,Bug,50,35,55,15,3
269,Dustox,Bug,60,50,70,65,3
270,Lotad,Water,40,30,30,30,3
271,Lombre,Water,60,50,50,50,3
272,Ludicolo,Water,80,70,70,70,3
273,Seedot,Grass,40,40,50,30,3
274,Nuzleaf,Grass,70,70,40,60,3
275,Shiftry,Grass,90,100,60,80,3
276,Taillow,Normal,40,55,30,85,3
277,Swellow,Normal,60,85,60,125,3
278,Wingull,Water,40,30,30,85,3
279,Pelipper,Water,60,50,100,65,3
280,Ralts,Psychic,28,25,25,40,3
281,Kirlia,Psychic,38,35,35,50,3
282,Gardevoir,Psychic,68,65,65,80,3
282,GardevoirMega Gardevoir,Psychic,68,85,65,100,3
283,Surskit,Bug,40,30,32,65,3
284,Masquerain,Bug,70,60,62,60,3
285,Shroomish,Grass,60,40,60,35,3
286,Breloom,Grass,60,130,80,70,3
287,Slakoth,Normal,60,60,60,30,3
288,Vigoroth,Normal,80,80,80,90,3
289,Slaking,Normal,150,160,100,100,3
290,Nincada,Bug,31,45,90,40,3
291,Ninjask,Bug,61,90,45,160,3
292,Shedinja,Bug,1,90,45,40,3
293,Whismur,Normal,64,51,23,28,3
294,Loudred,Normal,84,71,43,48,3
295,Exploud,Normal,104,91,63,68,3
296,Makuhita,Fighting,72,60,30,25,3
297,Hariyama,Fighting,144,120,60,50,3
298,Azurill,Normal,50,20,40,20,3
299,Nosepass,Rock,30,45,135,30,3
300,Skitty,Normal,50,45,45,50,3
301,Delcatty,Normal,70,65,65,70,3
302,Sableye,Dark,50,75,75,50,3
302,SableyeMega Sableye,Dark,50,85,125,20,3
303,Mawile,Steel,50,85,85,50,3
303,MawileMega Mawile,Steel,50,105,125,50,3
304,Aron,Steel,50,70,100,30,3
305,Lairon,Steel,60,90,140,40,3
306,Aggron,Steel,70,110,180,50,3
306,AggronMega Aggron,Steel,70,140,230,50,3
307,Meditite,Fighting,30,40,55,60,3
308,Medicham,Fighting,60,60,75,80,3
308,MedichamMega Medicham,Fighting,60,100,85,100,3
309,Electrike,Electric,40,45,40,65,3
310,Manectric,Electric,70,75,60,105,3
310,ManectricMega Manectric,Electric,70,75,80,135,3
311,Plusle,Electric,60,50,40,95,3
312,Minun,Electric,60,40,50,95,3
313,Volbeat,Bug,65,73,55,85,3
314,Illumise,Bug,65,47,55,85,3
315,Roselia,Grass,50,60,45,65,3
316,Gulpin,Poison,70,43,53,40,3
317,Swalot,Poison,100,73,83,55,3
318,Carvanha,Water,45,90,20,65,3
319,Sharpedo,Water,70,120,40,95,3
319,SharpedoMega Sharpedo,Water,70,140,70,105,3
320,Wailmer,Water,130,70,35,60,3
321,Wailord,Water,170,90,45,60,3
322,Numel,Fire,60,60,40,35,3
323,Camerupt,Fire,70,100,70,40,3
323,CameruptMega Camerupt,Fire,70,120,100,20,3
324,Torkoal,Fire,70,85,140,20,3
325,Spoink,Psychic,60,25,35,60,3
326,Grumpig,Psychic,80,45,65,80,3
327,Spinda,Normal,60,60,60,60,3
328,Trapinch,Ground,45,100,45,10,3
329,Vibrava,Ground,50,70,50,70,3
330,Flygon,Ground,80,100,80,100,3
331,Cacnea,Grass,50,85,40,35,3
332,Cacturne,Grass,70,115,60,55,3
333,Swablu,Normal,45,40,60,50,3
334,Altaria,Dragon,75,70,90,80,3
334,AltariaMega Altaria,Dragon,75,110,110,80,3
335,Zangoose,Normal,73,115,60,90,3
336,Seviper,Poison,73,100,60,65,3
337,Lunatone,Rock,70,55,65,70,3
338,Solrock,Rock,70,95,85,70,3
339,Barboach,Water,50,48,43,60,3
340,Whiscash,Water,110,78,73,60,3
341,Corphish,Water,43,80,65,35,3
342,Crawdaunt,Water,63,120,85,55,3
343,Baltoy,Ground,40,40,55,55,3
344,Claydol,Ground,60,70,105,75,3
345,Lileep,Rock,66,41,77,23,3
346,Cradily,Rock,86,81,97,43,3
347,Anorith,Rock,45,95,50,75,3
348,Armaldo,Rock,75,125,100,45,3
349,Feebas,Water,20,15,20,80,3
350,Milotic,Water,95,60,79,81,3
351,Castform,Normal,70,70,70,70,3
352,Kecleon,Normal,60,90,70,40,3
353,Shuppet,Ghost,44,75,35,45,3
354,Banette,Ghost,64,115,65,65,3
354,BanetteMega Banette,Ghost,64,165,75,75,3
355,Duskull,Ghost,20,40,90,25,3
356,Dusclops,Ghost,40,70,130,25,3
357,Tropius,Grass,99,68,83,51,3
358,Chimecho,Psychic,65,50,70,65,3
359,Absol,Dark,65,130,60,75,3
359,AbsolMega Absol,Dark,65,150,60,115,3
360,Wynaut,Psychic,95,23,48,23,3
361,Snorunt,Ice,50,50,50,50,3
362,Glalie,Ice,80,80,80,80,3
362,GlalieMega Glalie,Ice,80,120,80,100,3
363,Spheal,Ice,70,40,50,25,3
364,Sealeo,Ice,90,60,70,45,3
365,Walrein,Ice,110,80,90,65,3
366,Clamperl,Water,35,64,85,32,3
367,Huntail,Water,55,104,105,52,3
368,Gorebyss,Water,55,84,105,52,3
369,Relicanth,Water,100,90,130,55,3
370,Luvdisc,Water,43,30,55,97,3
371,Bagon,Dragon,45,75,60,50,3
372,Shelgon,Dragon,65,95,100,50,3
373,Salamence,Dragon,95,135,80,100,3
373,SalamenceMega Salamence,Dragon,95,145,130,120,3
374,Beldum,Steel,40,55,80,30,3
375,Metang,Steel,60,75,100,50,3
376,Metagross,Steel,80,135,130,70,3
376,MetagrossMega Metagross,Steel,80,145,150,110,3
377,Regirock,Rock,80,100,200,50,3
378,Regice,Ice,80,50,100,50,3
379,Registeel,Steel,80,75,150,50,3
380,Latias,Dragon,80,80,90,110,3
380,LatiasMega Latias,Dragon,80,100,120,110,3
381,Latios,Dragon,80,90,80,110,3
381,LatiosMega Latios,Dragon,80,130,100,110,3
382,Kyogre,Water,100,100,90,90,3
382,KyogrePrimal Kyogre,Water,100,150,90,90,3
383,Groudon,Ground,100,150,140,90,3
383,GroudonPrimal Groudon,Ground,100,180,160,90,3
384,Rayquaza,Dragon,105,150,90,95,3
384,RayquazaMega Rayquaza,Dragon,105,180,100,115,3
385,Jirachi,Steel,100,100,100,100,3
386,DeoxysNormal Forme,Psychic,50,150,50,150,3
386,DeoxysAttack Forme,Psychic,50,180,20,150,3
386,DeoxysDefense Forme,Psychic,50,70,160,90,3
386,DeoxysSpeed Forme,Psychic,50,95,90,180,3
387,Turtwig,Grass,55,68,64,31,4
388,Grotle,Grass,75,89,85,36,4
389,Torterra,Grass,95,109,105,56,4
390,Chimchar,Fire,44,58,44,61,4
391,Monferno,Fire,64,78,52,81,4
392,Infernape,Fire,76,104,71,108,4
393,Piplup,Water,53,51,53,40,4
394,Prinplup,Water,64,66,68,50,4
395,Empoleon,Water,84,86,88,60,4
396,Starly,Normal,40,55,30,60,4
397,Staravia,Normal,55,75,50,80,4
398,Staraptor,Normal,85,120,70,100,4
399,Bidoof,Normal,59,45,40,31,4
400,Bibarel,Normal,79,85,60,71,4
401,Kricketot,Bug,37,25,41,25,4
402,Kricketune,Bug,77,85,51,65,4
403,Shinx,Electric,45,65,34,45,4
404,Luxio,Electric,60,85,49,60,4
405,Luxray,Electric,80,120,79,70,4
406,Budew,Grass,40,30,35,55,4
407,Roserade,Grass,60,70,65,90,4
408,Cranidos,Rock,67,125,40,58,4
409,Rampardos,Rock,97,165,60,58,4
410,Shieldon,Rock,30,42,118,30,4
411,Bastiodon,Rock,60,52,168,30,4
412,Burmy,Bug,40,29,45,36,4
413,WormadamPlant Cloak,Bug,60,59,85,36,4
413,WormadamSandy Cloak,Bug,60,79,105,36,4
413,WormadamTrash Cloak,Bug,60,69,95,36,4
414,Mothim,Bug,70,94,50,66,4
415,Combee,Bug,30,30,42,70,4
416,Vespiquen,Bug,70,80,102,40,4
417,Pachirisu,Electric,60,45,70,95,4
418,Buizel,Water,55,65,35,85,4
419,Floatzel,Water,85,105,55,115,4
420,Cherubi,Grass,45,35,45,35,4
421,Cherrim,Grass,70,60,70,85,4
422,Shellos,Water,76,48,48,34,4
423,Gastrodon,Water,111,83,68,39,4
424,Ambipom,Normal,75,100,66,115,4
425,Drifloon,Ghost,90,50,34,70,4
426,Drifblim,Ghost,150,80,44,80,4
427,Buneary,Normal,55,66,44,85,4
428,Lopunny,Normal,65,76,84,105,4
428,LopunnyMega Lopunny,Normal,65,136,94,135,4
429,Mismagius,Ghost,60,60,60,105,4
430,Honchkrow,Dark,100,125,52,71,4
431,Glameow,Normal,49,55,42,85,4
432,Purugly,Normal,71,82,64,112,4
433,Chingling,Psychic,45,30,50,45,4
434,Stunky,Poison,63,63,47,74,4
435,Skuntank,Poison,103,93,67,84,4
436,Bronzor,Steel,57,24,86,23,4
437,Bronzong,Steel,67,89,116,33,4
438,Bonsly,Rock,50,80,95,10,4
439,Mime Jr.,Psychic,20,25,45,60,4
440,Happiny,Normal,100,5,5,30,4
441,Chatot,Normal,76,65,45,91,4
442,Spiritomb,Ghost,50,92,108,35,4
443,Gible,Dragon,58,70,45,42,4
444,Gabite,Dragon,68,90,65,82,4
445,Garchomp,Dragon,108,130,95,102,4
445,GarchompMega Garchomp,Dragon,108,170,115,92,4
446,Munchlax,Normal,135,85,40,5,4
447,Riolu,Fighting,40,70,40,60,4
448,Lucario,Fighting,70,110,70,90,4
448,LucarioMega Lucario,Fighting,70,145,88,112,4
449,Hippopotas,Ground,68,72,78,32,4
450,Hippowdon,Ground,108,112,118,47,4
451,Skorupi,Poison,40,50,90,65,4
452,Drapion,Poison,70,90,110,95,4
453,Croagunk,Poison,48,61,40,50,4
454,Toxicroak,Poison,83,106,65,85,4
455,Carnivine,Grass,74,100,72,46,4
456,Finneon,Water,49,49,56,66,4
457,Lumineon,Water,69,69,76,91,4
458,Mantyke,Water,45,20,50,50,4
459,Snover,Grass,60,62,50,40,4
460,Abomasnow,Grass,90,92,75,60,4
460,AbomasnowMega Abomasnow,Grass,90,132,105,30,4
461,Weavile,Dark,70,120,65,125,4
462,Magnezone,Electric,70,70,115,60,4
463,Lickilicky,Normal,110,85,95,50,4
464,Rhyperior,Ground,115,140,130,40,4
465,Tangrowth,Grass,100,100,125,50,4
466,Electivire,Electric,75,123,67,95,4
467,Magmortar,Fire,75,95,67,83,4
468,Togekiss,Fairy,85,50,95,80,4
469,Yanmega,Bug,86,76,86,95,4
470,Leafeon,Grass,65,110,130,95,4
471,Glaceon,Ice,65,60,110,65,4
472,Gliscor,Ground,75,95,125,95,4
473,Mamoswine,Ice,110,130,80,80,4
474,Porygon-Z,Normal,85,80,70,90,4
475,Gallade,Psychic,68,125,65,80,4
475,GalladeMega Gallade,Psychic,68,165,95,110,4
476,Probopass,Rock,60,55,145,40,4
477,Dusknoir,Ghost,45,100,135,45,4
478,Froslass,Ice,70,80,70,110,4
479,Rotom,Electric,50,50,77,91,4
479,RotomHeat Rotom,Electric,50,65,107,86,4
479,RotomWash Rotom,Electric,50,65,107,86,4
479,RotomFrost Rotom,Electric,50,65,107,86,4
479,RotomFan Rotom,Electric,50,65,107,86,4
479,RotomMow Rotom,Electric,50,65,107,86,4
480,Uxie,Psychic,75,75,130,95,4
481,Mesprit,Psychic,80,105,105,80,4
482,Azelf,Psychic,75,125,70,115,4
483,Dialga,Steel,100,120,120,90,4
484,Palkia,Water,90,120,100,100,4
485,Heatran,Fire,91,90,106,77,4
486,Regigigas,Normal,110,160,110,100,4
487,GiratinaAltered Forme,Ghost,150,100,120,90,4
487,GiratinaOrigin Forme,Ghost,150,120,100,90,4
488,Cresselia,Psychic,120,70,120,85,4
489,Phione,Water,80,80,80,80,4
490,Manaphy,Water,100,100,100,100,4
491,Darkrai,Dark,70,90,90,125,4
492,ShayminLand Forme,Grass,100,100,100,100,4
492,ShayminSky Forme,Grass,100,103,75,127,4
493,Arceus,Normal,120,120,120,120,4
494,Victini,Psychic,100,100,100,100,5
495,Snivy,Grass,45,45,55,63,5
496,Servine,Grass,60,60,75,83,5
497,Serperior,Grass,75,75,95,113,5
498,Tepig,Fire,65,63,45,45,5
499,Pignite,Fire,90,93,55,55,5
500,Emboar,Fire,110,123,65,65,5
501,Oshawott,Water,55,55,45,45,5
502,Dewott,Water,75,75,60,60,5
503,Samurott,Water,95,100,85,70,5
504,Patrat,Normal,45,55,39,42,5
505,Watchog,Normal,60,85,69,77,5
506,Lillipup,Normal,45,60,45,55,5
507,Herdier,Normal,65,80,65,60,5
508,Stoutland,Normal,85,110,90,80,5
509,Purrloin,Dark,41,50,37,66,5
510,Liepard,Dark,64,88,50,106,5
511,Pansage,Grass,50,53,48,64,5
512,Simisage,Grass,75,98,63,101,5
513,Pansear,Fire,50,53,48,64,5
514,Simisear,Fire,75,98,63,101,5
515,Panpour,Water,50,53,48,64,5
516,Simipour,Water,75,98,63,101,5
517,Munna,Psychic,76,25,45,24,5
518,Musharna,Psychic,116,55,85,29,5
519,Pidove,Normal,50,55,50,43,5
520,Tranquill,Normal,62,77,62,65,5
521,Unfezant,Normal,80,115,80,93,5
522,Blitzle,Electric,45,60,32,76,5
523,Zebstrika,Electric,75,100,63,116,5
524,Roggenrola,Rock,55,75,85,15,5
525,Boldore,Rock,70,105,105,20,5
526,Gigalith,Rock,85,135,130,25,5
527,Woobat,Psychic,55,45,43,72,5
528,Swoobat,Psychic,67,57,55,114,5
529,Drilbur,Ground,60,85,40,68,5
530,Excadrill,Ground,110,135,60,88,5
531,Audino,Normal,103,60,86,50,5
531,AudinoMega Audino,Normal,103,60,126,50,5
532,Timburr,Fighting,75,80,55,35,5
533,Gurdurr,Fighting,85,105,85,40,5
534,Conkeldurr,Fighting,105,140,95,45,5
535,Tympole,Water,50,50,40,64,5
536,Palpitoad,Water,75,65,55,69,5
537,Seismitoad,Water,105,95,75,74,5
538,Throh,Fighting,120,100,85,45,5
539,Sawk,Fighting,75,125,75,85,5
540,Sewaddle,Bug,45,53,70,42,5
541,Swadloon,Bug,55,63,90,42,5
542,Leavanny,Bug,75,103,80,92,5
543,Venipede,Bug,30,45,59,57,5
544,Whirlipede,Bug,40,55,99,47,5
545,Scolipede,Bug,60,100,89,112,5
546,Cottonee,Grass,40,27,60,66,5
547,Whimsicott,Grass,60,67,85,116,5
548,Petilil,Grass,45,35,50,30,5
549,Lilligant,Grass,70,60,75,90,5
550,Basculin,Water,70,92,65,98,5
551,Sandile,Ground,50,72,35,65,5
552,Krokorok,Ground,60,82,45,74,5
553,Krookodile,Ground,95,117,80,92,5
554,Darumaka,Fire,70,90,45,50,5
555,DarmanitanStandard Mode,Fire,105,140,55,95,5
555,DarmanitanZen Mode,Fire,105,30,105,55,5
556,Maractus,Grass,75,86,67,60,5
557,Dwebble,Bug,50,65,85,55,5
558,Crustle,Bug,70,95,125,45,5
559,Scraggy,Dark,50,75,70,48,5
560,Scrafty,Dark,65,90,115,58,5
561,Sigilyph,Psychic,72,58,80,97,5
562,Yamask,Ghost,38,30,85,30,5
563,Cofagrigus,Ghost,58,50,145,30,5
564,Tirtouga,Water,54,78,103,22,5
565,Carracosta,Water,74,108,133,32,5
566,Archen,Rock,55,112,45,70,5
567,Archeops,Rock,75,140,65,110,5
568,Trubbish,Poison,50,50,62,65,5
569,Garbodor,Poison,80,95,82,75,5
570,Zorua,Dark,40,65,40,65,5
571,Zoroark,Dark,60,105,60,105,5
572,Minccino,Normal,55,50,40,75,5
573,Cinccino,Normal,75,95,60,115,5
574,Gothita,Psychic,45,30,50,45,5
575,Gothorita,Psychic,60,45,70,55,5
576,Gothitelle,Psychic,70,55,95,65,5
577,Solosis,Psychic,45,30,40,20,5
578,Duosion,Psychic,65,40,50,30,5
579,Reuniclus,Psychic,110,65,75,30,5
580,Ducklett,Water,62,44,50,55,5
581,Swanna,Water,75,87,63,98,5
582,Vanillite,Ice,36,50,50,44,5
583,Vanillish,Ice,51,65,65,59,5
584,Vanilluxe,Ice,71,95,85,79,5
585,Deerling,Normal,60,60,50,75,5
586,Sawsbuck,Normal,80,100,70,95,5
587,Emolga,Electric,55,75,60,103,5
588,Karrablast,Bug,50,75,45,60,5
589,Escavalier,Bug,70,135,105,20,5
590,Foongus,Grass,69,55,45,15,5
591,Amoonguss,Grass,114,85,70,30,5
592,Frillish,Water,55,40,50,40,5
593,Jellicent,Water,100,60,70,60,5
594,Alomomola,Water,165,75,80,65,5
595,Joltik,Bug,50,47,50,65,5
596,Galvantula,Bug,70,77,60,108,5
597,Ferroseed,Grass,44,50,91,10,5
598,Ferrothorn,Grass,74,94,131,20,5
599,Klink,Steel,40,55,70,30,5
600,Klang,Steel,60,80,95,50,5
601,Klinklang,Steel,60,100,115,90,5
602,Tynamo,Electric,35,55,40,60,5
603,Eelektrik,Electric,65,85,70,40,5
604,Eelektross,Electric,85,115,80,50,5
605,Elgyem,Psychic,55,55,55,30,5
606,Beheeyem,Psychic,75,75,75,40,5
607,Litwick,Ghost,50,30,55,20,5
608,Lampent,Ghost,60,40,60,55,5
609,Chandelure,Ghost,60,55,90,80,5
610,Axew,Dragon,46,87,60,57,5
611,Fraxure,Dragon,66,117,70,67,5
612,Haxorus,Dragon,76,147,90,97,5
613,Cubchoo,Ice,55,70,40,40,5
614,Beartic,Ice,95,110,80,50,5
615,Cryogonal,Ice,70,50,30,105,5
616,Shelmet,Bug,50,40,85,25,5
617,Accelgor,Bug,80,70,40,145,5
618,Stunfisk,Ground,109,66,84,32,5
619,Mienfoo,Fighting,45,85,50,65,5
620,Mienshao,Fighting,65,125,60,105,5
621,Druddigon,Dragon,77,120,90,48,5
622,Golett,Ground,59,74,50,35,5
623,Golurk,Ground,89,124,80,55,5
624,Pawniard,Dark,45,85,70,60,5
625,Bisharp,Dark,65,125,100,70,5
626,Bouffalant,Normal,95,110,95,55,5
627,Rufflet,Normal,70,83,50,60,5
628,Braviary,Normal,100,123,75,80,5
629,Vullaby,Dark,70,55,75,60,5
630,Mandibuzz,Dark,110,65,105,80,5
631,Heatmor,Fire,85,97,66,65,5
632,Durant,Bug,58,109,112,109,5
633,Deino,Dark,52,65,50,38,5
634,Zweilous,Dark,72,85,70,58,5
635,Hydreigon,Dark,92,105,90,98,5
636,Larvesta,Bug,55,85,55,60,5
637,Volcarona,Bug,85,60,65,100,5
638,Cobalion,Steel,91,90,129,108,5
639,Terrakion,Rock,91,129,90,108,5
640,Virizion,Grass,91,90,72,108,5
641,TornadusIncarnate Forme,Flying,79,115,70,111,5
641,TornadusTherian Forme,Flying,79,100,80,121,5
642,ThundurusIncarnate Forme,Electric,79,115,70,111,5
642,ThundurusTherian Forme,Electric,79,105,70,101,5
643,Reshiram,Dragon,100,120,100,90,5
644,Zekrom,Dragon,100,150,120,90,5
645,LandorusIncarnate Forme,Ground,89,125,90,101,5
645,LandorusTherian Forme,Ground,89,145,90,91,5
646,Kyurem,Dragon,125,130,90,95,5
646,KyuremBlack Kyurem,Dragon,125,170,100,95,5
646,KyuremWhite Kyurem,Dragon,125,120,90,95,5
647,KeldeoOrdinary Forme,Water,91,72,90,108,5
647,KeldeoResolute Forme,Water,91,72,90,108,5
648,MeloettaAria Forme,Normal,100,77,77,90,5
648,MeloettaPirouette Forme,Normal,100,128,90,128,5
649,Genesect,Bug,71,120,95,99,5
650,Chespin,Grass,56,61,65,38,6
651,Quilladin,Grass,61,78,95,57,6
652,Chesnaught,Grass,88,107,122,64,6
653,Fennekin,Fire,40,45,40,60,6
654,Braixen,Fire,59,59,58,73,6
655,Delphox,Fire,75,69,72,104,6
656,Froakie,Water,41,56,40,71,6
657,Frogadier,Water,54,63,52,97,6
658,Greninja,Water,72,95,67,122,6
659,Bunnelby,Normal,38,36,38,57,6
660,Diggersby,Normal,85,56,77,78,6
661,Fletchling,Normal,45,50,43,62,6
662,Fletchinder,Fire,62,73,55,84,6
663,Talonflame,Fire,78,81,71,126,6
664,Scatterbug,Bug,38,35,40,35,6
665,Spewpa,Bug,45,22,60,29,6
666,Vivillon,Bug,80,52,50,89,6
667,Litleo,Fire,62,50,58,72,6
668,Pyroar,Fire,86,68,72,106,6
669,Flabébé,Fairy,44,38,39,42,6
670,Floette,Fairy,54,45,47,52,6
671,Florges,Fairy,78,65,68,75,6
672,Skiddo,Grass,66,65,48,52,6
673,Gogoat,Grass,123,100,62,68,6
674,Pancham,Fighting,67,82,62,43,6
675,Pangoro,Fighting,95,124,78,58,6
676,Furfrou,Normal,75,80,60,102,6
677,Espurr,Psychic,62,48,54,68,6
678,MeowsticMale,Psychic,74,48,76,104,6
678,MeowsticFemale,Psychic,74,48,76,104,6
679,Honedge,Steel,45,80,100,28,6
680,Doublade,Steel,59,110,150,35,6
681,AegislashBlade Forme,Steel,60,150,50,60,6
681,AegislashShield Forme,Steel,60,50,150,60,6
682,Spritzee,Fairy,78,52,60,23,6
683,Aromatisse,Fairy,101,72,72,29,6
684,Swirlix,Fairy,62,48,66,49,6
685,Slurpuff,Fairy,82,80,86,72,6
686,Inkay,Dark,53,54,53,45,6
687,Malamar,Dark,86,92,88,73,6
688,Binacle,Rock,42,52,67,50,6
689,Barbaracle,Rock,72,105,115,68,6
690,Skrelp,Poison,50,60,60,30,6
691,Dragalge,Poison,65,75,90,44,6
692,Clauncher,Water,50,53,62,44,6
693,Clawitzer,Water,71,73,88,59,6
694,Helioptile,Electric,44,38,33,70,6
695,Heliolisk,Electric,62,55,52,109,6
696,Tyrunt,Rock,58,89,77,48,6
697,Tyrantrum,Rock,82,121,119,71,6
698,Amaura,Rock,77,59,50,46,6
699,Aurorus,Rock,123,77,72,58,6
700,Sylveon,Fairy,95,65,65,60,6
701,Hawlucha,Fighting,78,92,75,118,6
702,Dedenne,Electric,67,58,57,101,6
703,Carbink,Rock,50,50,150,50,6
704,Goomy,Dragon,45,50,35,40,6
705,Sliggoo,Dragon,68,75,53,60,6
706,Goodra,Dragon,90,100,70,80,6
707,Klefki,Steel,57,80,91,75,6
708,Phantump,Ghost,43,70,48,38,6
709,Trevenant,Ghost,85,110,76,56,6
710,PumpkabooAverage Size,Ghost,49,66,70,51,6
710,PumpkabooSmall Size,Ghost,44,66,70,56,6
710,PumpkabooLarge Size,Ghost,54,66,70,46,6
710,PumpkabooSuper Size,Ghost,59,66,70,41,6
711,GourgeistAverage Size,Ghost,65,90,122,84,6
711,GourgeistSmall Size,Ghost,55,85,122,99,6
711,GourgeistLarge Size,Ghost,75,95,122,69,6
711,GourgeistSuper Size,Ghost,85,100,122,54,6
712,Bergmite,Ice,55,69,85,28,6
713,Avalugg,Ice,95,117,184,28,6
714,Noibat,Flying,40,30,35,55,6
715,Noivern,Flying,85,70,80,123,6
716,Xerneas,Fairy,126,131,95,99,6
717,Yveltal,Dark,126,131,95,99,6
718,Zygarde50% Forme,Dragon,108,100,121,95,6
719,Diancie,Rock,50,100,150,50,6
719,DiancieMega Diancie,Rock,50,160,110,110,6
720,HoopaHoopa Confined,Psychic,80,110,60,70,6
720,HoopaHoopa Unbound,Psychic,80,160,60,80,6
721,Volcanion,Fire,80,110,120,70,6
